"n","Mean","Median","SD","Skewness","SE_s","Z_s","Kurtosis","SE_k","Z_k","SW_W","SW_p","Lillie_D","Lillie_p","AD_A","AD_p","DP_Chi2","DP_p"
1,0.496,0,0.50001,0.016,0.024,0.653,1,0.049,-40.82,0.63662,2.11958624074758e-73,0.3434,0,1796.40303,3.7e-24,34404.69048,0
6,0.70363,0.66667,0.17788,-0.289,0.024,-11.782,2.738,0.049,-5.343,0.91519,1.76682512688392e-46,0.18564,0,368.468,3.7e-24,171.26179,0
11,0.69872,0.72727,0.13351,-0.245,0.024,-10.018,2.879,0.049,-2.464,0.95589,1.95497838295911e-36,0.15008,0,194.94633,3.7e-24,104.34204,0
16,0.70133,0.6875,0.10983,-0.14,0.024,-5.72,2.869,0.049,-2.668,0.97163,2.2612441575203e-30,0.11796,0,132.52178,3.7e-24,40.4116,1.67776936788044e-09
21,0.70064,0.71429,0.09616,-0.17,0.024,-6.957,3.021,0.049,0.428,0.97731,1.60153939777522e-27,0.10891,0,101.39134,3.7e-24,47.99355,3.78732600836429e-11
26,0.70144,0.69231,0.08623,-0.118,0.024,-4.817,2.942,0.049,-1.183,0.98179,7.30705377249586e-25,0.09342,4.01972341946099e-238,81.40577,3.7e-24,24.47422,4.8472018714385e-06
31,0.70065,0.70968,0.07973,-0.165,0.024,-6.737,2.976,0.049,-0.484,0.98411,2.72740080378767e-23,0.09395,7.17786225094369e-241,70.12475,3.7e-24,45.05051,1.64970703764311e-10
36,0.70094,0.69444,0.07325,-0.138,0.024,-5.635,2.919,0.049,-1.654,0.98677,2.94896589817087e-21,0.08317,9.72146469017652e-188,60.35116,3.7e-24,34.35377,3.46875862478058e-08
41,0.70049,0.70732,0.07,-0.125,0.024,-5.086,3.015,0.049,0.315,0.98822,5.0440920145969e-20,0.07786,5.52965214882377e-164,50.58204,3.7e-24,25.83541,2.45420643285588e-06
46,0.70033,0.69565,0.06517,-0.124,0.024,-5.048,3.039,0.049,0.802,0.98948,7.51638529629224e-19,0.07416,2.12839317713387e-148,47.10867,3.7e-24,26.0109,2.24804159898451e-06
60,0.69985,0.7,0.05728,-0.087,0.024,-3.567,2.999,0.049,-0.017,0.99207,4.2405098501342e-16,0.06154,4.35068111965761e-101,34.7464,3.7e-24,12.69508,0.0017510465724272
70,0.69959,0.7,0.05338,-0.122,0.024,-4.994,2.983,0.049,-0.351,0.99315,8.87172719352302e-15,0.05943,4.38808815356085e-94,30.68069,3.7e-24,24.89723,3.92316203412513e-06
80,0.7005,0.7,0.0494,-0.075,0.024,-3.063,2.953,0.049,-0.967,0.99404,1.45319587173822e-13,0.05353,8.54809251982789e-76,26.21003,3.7e-24,10.28056,0.00585604175536125
90,0.7008,0.7,0.0469,-0.078,0.024,-3.189,3.015,0.049,0.301,0.99474,1.59145946133921e-12,0.05124,3.1606720056822e-69,23.22907,3.7e-24,10.26733,0.00589492893890908
100,0.69987,0.7,0.04414,-0.089,0.024,-3.641,3.131,0.049,2.684,0.99511,5.95672490357066e-12,0.05598,3.75580091288745e-83,22.49673,3.7e-24,19.7757,5.07880981788222e-05
110,0.70097,0.7,0.04228,-0.088,0.024,-3.595,2.964,0.049,-0.744,0.995,3.95891405135589e-12,0.05749,7.89596633750013e-88,21.11908,3.7e-24,13.41456,0.0012219823694859
120,0.70004,0.7,0.04094,-0.103,0.024,-4.223,2.936,0.049,-1.312,0.99562,4.32710355632695e-11,0.04892,6.98409477156111e-63,18.71069,3.7e-24,19.51387,5.78916906301963e-05
130,0.69993,0.7,0.03869,-0.035,0.024,-1.409,2.957,0.049,-0.886,0.99655,2.22637693154897e-09,0.04476,2.80785937960879e-52,16.10231,3.7e-24,2.74355,0.25365590337277
140,0.7013,0.7,0.03717,-0.088,0.024,-3.603,3.006,0.049,0.113,0.9961,3.13790118066126e-10,0.04183,2.08223290647924e-45,15.64029,3.7e-24,12.97046,0.00152580940268965
150,0.70002,0.7,0.03605,-0.054,0.024,-2.194,3.087,0.049,1.775,0.99672,4.84747791642786e-09,0.03866,1.55326490737758e-38,14.14795,3.7e-24,7.84275,0.0198138366811395
160,0.69959,0.7,0.03515,-0.096,0.024,-3.923,2.947,0.049,-1.074,0.9966,2.89457899903427e-09,0.04648,1.5188673034309e-56,14.45857,3.7e-24,16.47972,0.000263921618332885
170,0.69964,0.7,0.03408,-0.066,0.024,-2.692,2.976,0.049,-0.481,0.99692,1.28637811023728e-08,0.04249,6.46341553596745e-47,12.69408,3.7e-24,7.44382,0.024187747354677
180,0.70041,0.7,0.03287,-0.073,0.024,-2.969,3.015,0.049,0.316,0.99675,5.77032507919074e-09,0.0405,1.91035573819455e-42,12.3001,3.7e-24,8.92495,0.0115337960137261
190,0.70007,0.7,0.03163,-0.07,0.024,-2.86,2.948,0.049,-1.055,0.99668,4.14991444254846e-09,0.03642,5.20503620898647e-34,11.60979,3.7e-24,9.26852,0.00971330419191985
200,0.70061,0.7,0.03152,-0.045,0.024,-1.83,2.973,0.049,-0.55,0.99752,2.85704250426308e-07,0.03513,1.53644934820819e-31,10.48794,3.7e-24,3.6215,0.163531474291669
210,0.69936,0.7,0.0307,-0.058,0.024,-2.355,3.024,0.049,0.487,0.9975,2.63127078891121e-07,0.03562,1.81486246984042e-32,10.04515,3.7e-24,5.81292,0.0546688819649933
220,0.69993,0.7,0.02984,-0.052,0.024,-2.132,2.95,0.049,-1.011,0.99722,5.98340150851116e-08,0.03327,3.93551729008621e-28,9.75566,1.38318895781066e-23,5.5507,0.062327732306779
230,0.70016,0.7,0.02923,-0.078,0.024,-3.204,3.071,0.049,1.451,0.99734,1.07507183523831e-07,0.03564,1.70059374148257e-32,9.82075,9.76752411606109e-24,12.32281,0.00210928468395111
240,0.70017,0.7,0.02842,-0.023,0.024,-0.947,2.901,0.049,-2.018,0.99754,3.26679270959557e-07,0.03501,2.63190762518359e-31,9.29968,1.58969370012786e-22,5.26451,0.0719160001096019
250,0.70026,0.7,0.02808,-0.008,0.024,-0.318,3.021,0.049,0.432,0.99809,8.06149598667925e-06,0.03169,2.12481104457168e-25,8.41218,1.88343832846356e-20,0.31711,0.85337660620498
